Season,Team,Conf,Class,Pos,G,GS,MP,FG,FGA,FG%,3P,3PA,3P%,2P,2PA,2P%,eFG%,FT,FTA,FT%,ORB,DRB,TRB,AST,STL,BLK,TOV,PF,PTS,Awards,player
,,,,,,,,,,,,,,,,,,,,,,,,,,,,,,,Azzi Fudd
2021-22,UConn,Big East,FR,G,25.0,17.0,28.0,4.3,9.4,0.457,2.3,5.4,0.43,2.0,4.0,0.495,0.581,1.2,1.4,0.912,0.3,2.4,2.7,1.0,1.0,0.7,1.0,1.0,12.1,,Azzi Fudd
2022-23,UConn,Big East,SO,G,15.0,10.0,28.2,5.9,13.0,0.456,2.3,6.7,0.34,3.7,6.3,0.579,0.544,1.0,1.1,0.882,0.4,1.5,1.9,1.9,1.3,0.3,1.7,1.0,15.1,,Azzi Fudd
2023-24,UConn,Big East,JR,G,2.0,2.0,30.5,4.0,12.5,0.32,2.0,7.0,0.286,2.0,5.5,0.364,0.4,1.0,1.0,1.0,1.0,1.5,2.5,2.5,1.0,0.0,1.5,2.5,11.0,,Azzi Fudd
2024-25,UConn,Big East,SR,G,34.0,30.0,26.5,5.1,10.9,0.474,2.3,5.3,0.436,2.8,5.5,0.511,0.581,1.0,1.1,0.917,0.6,1.4,2.0,1.8,1.4,0.3,1.0,1.1,13.6,,Azzi Fudd
2025-26,UConn,Big East,SR,G,39.0,39.0,28.7,6.6,13.7,0.481,3.0,6.7,0.447,3.6,7.0,0.515,0.591,1.1,1.1,0.955,0.7,1.8,2.6,3.1,2.5,0.5,1.5,0.8,17.3,AP-AA-1USBWA-AA-1W-AAWBCA-AA,Azzi Fudd
Career,Career,Career,Career,,115.0,98.0,27.9,5.5,11.8,0.469,2.5,6.0,0.422,3.0,5.8,0.517,0.576,1.1,1.2,0.925,0.6,1.8,2.3,2.1,1.7,0.4,1.3,1.0,14.7,,Azzi Fudd
2022-23,Stanford,Pac-12,FR,C,33.0,0.0,9.6,2.4,4.0,0.602,0.0,0.0,,2.4,4.0,0.602,0.602,1.0,1.8,0.567,1.3,2.2,3.5,0.5,0.2,0.9,0.5,0.3,5.9,,Lauren Betts
2023-24,UCLA,Pac-12,SO,C,29.0,27.0,27.2,6.3,9.9,0.643,0.0,0.0,,6.3,9.9,0.643,0.643,2.2,3.6,0.61,3.7,5.6,9.3,1.0,0.4,2.0,2.1,1.8,14.9,,Lauren Betts
2024-25,UCLA,Big Ten,JR,C,34.0,34.0,30.1,8.6,13.4,0.648,0.0,0.0,,8.6,13.4,0.648,0.648,2.9,4.6,0.62,4.0,5.5,9.5,2.7,0.9,2.9,2.7,1.7,20.2,AP-AA-1USBWA-AA-1W-AAWBCA-AA,Lauren Betts
2025-26,UCLA,Big Ten,SR,C,37.0,37.0,27.7,7.5,12.8,0.582,0.0,0.1,0.0,7.5,12.8,0.585,0.582,2.2,3.2,0.686,3.5,5.3,8.8,3.2,1.0,2.1,2.2,1.7,17.1,AP-AA-1USBWA-AA-1W-AAWBCA-AA,Lauren Betts
Career,Career,Career,Career,,133.0,98.0,23.7,6.3,10.1,0.619,0.0,0.0,0.0,6.3,10.1,0.62,0.619,2.1,3.3,0.628,3.1,4.6,7.8,1.9,0.7,2.0,1.9,1.4,14.6,,Lauren Betts
,,,,,,,,,,,,,,,,,,,,,,,,,,,,,,,Lauren Betts
Stanford (1 Yr),Stanford (1 Yr),Stanford (1 Yr),Stanford (1 Yr),,33.0,0.0,9.6,2.4,4.0,0.602,0.0,0.0,,2.4,4.0,0.602,0.602,1.0,1.8,0.567,1.3,2.2,3.5,0.5,0.2,0.9,0.5,0.3,5.9,,Lauren Betts
UCLA (3 Yrs),UCLA (3 Yrs),UCLA (3 Yrs),UCLA (3 Yrs),,100.0,98.0,28.4,7.5,12.1,0.621,0.0,0.0,0.0,7.5,12.1,0.622,0.621,2.4,3.8,0.638,3.7,5.5,9.2,2.4,0.8,2.4,2.4,1.7,17.5,,Lauren Betts
2020-21,Notre Dame,ACC,FR,G,6,0,22.7,4.0,7.8,.511,0.2,1.7,.100,3.8,6.2,.622,.521,1.2,2.5,.467,1.7,2.0,3.7,3.5,1.2,0.2,3.0,2.3,9.3,,Olivia Miles
2021-22,Notre Dame,ACC,FR,G,33,33,33.3,5.4,11.8,.455,1.0,3.7,.270,4.4,8.1,.539,.497,2.0,2.9,.677,0.5,5.2,5.7,7.4,1.8,0.2,3.8,2.1,13.7,,Olivia Miles
2022-23,Notre Dame,ACC,SO,G,28,28,31.6,5.2,11.3,.460,0.6,2.8,.228,4.5,8.4,.538,.489,3.3,4.3,.767,0.4,6.8,7.3,6.9,2.1,0.2,3.3,1.7,14.3,AP-AA-2USBWA-AA-3,Olivia Miles
2023-24,Did not play - injury/redshirt,Did not play - injury/redshirt,Did not play - injury/redshirt,Did not play - injury/redshirt,Did not play - injury/redshirt,Did not play - injury/redshirt,Did not play - injury/redshirt,Did not play - injury/redshirt,Did not play - injury/redshirt,Did not play - injury/redshirt,Did not play - injury/redshirt,Did not play - injury/redshirt,Did not play - injury/redshirt,Did not play - injury/redshirt,Did not play - injury/redshirt,Did not play - injury/redshirt,Did not play - injury/redshirt,Did not play - injury/redshirt,Did not play - injury/redshirt,Did not play - injury/redshirt,Did not play - injury/redshirt,Did not play - injury/redshirt,Did not play - injury/redshirt,Did not play - injury/redshirt,Did not play - injury/redshirt,Did not play - injury/redshirt,Did not play - injury/redshirt,Did not play - injury/redshirt,Did not play - injury/redshirt,Did not play - injury/redshirt,Olivia Miles
2024-25,Notre Dame,ACC,SR,G,34,34,33.0,5.4,11.1,.483,2.1,5.3,.406,3.2,5.9,.553,.579,2.4,3.1,.790,0.3,5.4,5.6,5.8,1.4,0.2,2.5,1.8,15.4,AP-AA-2USBWA-AA-2W-AA,Olivia Miles
2025-26,TCU,Big 12,SR,G,38,38,35.4,7.1,14.7,.481,1.9,5.5,.351,5.1,9.2,.559,.547,3.6,4.2,.839,0.5,6.7,7.2,6.6,1.8,0.3,3.7,2.1,19.6,AP-AA-2USBWA-AA-2W-AAWBCA-AA,Olivia Miles
Career,Career,Career,Career,,139,133,33.0,5.7,12.1,.472,1.4,4.3,.331,4.3,7.8,.551,.531,2.7,3.6,.769,0.5,5.8,6.3,6.5,1.7,0.2,3.3,2.0,15.6,,Olivia Miles
,,,,,,,,,,,,,,,,,,,,,,,,,,,,,,,Olivia Miles
Notre Dame (4 Yrs),Notre Dame (4 Yrs),Notre Dame (4 Yrs),Notre Dame (4 Yrs),,101,95,32.1,5.2,11.2,.468,1.2,3.9,.320,4.0,7.3,.547,.523,2.4,3.3,.735,0.5,5.5,6.0,6.5,1.7,0.2,3.2,1.9,14.2,,Olivia Miles
TCU (1 Yr),TCU (1 Yr),TCU (1 Yr),TCU (1 Yr),,38,38,35.4,7.1,14.7,.481,1.9,5.5,.351,5.1,9.2,.559,.547,3.6,4.2,.839,0.5,6.7,7.2,6.6,1.8,0.3,3.7,2.1,19.6,,Olivia Miles
2022-23,LSU,SEC,FR,G,36,36,27.6,3.9,9.3,0.424,0.9,2.9,0.33,3.0,6.4,0.466,0.475,2.2,3.1,0.696,2.1,3.9,5.9,1.9,1.2,0.8,2.3,2.3,11.0,,Flau'jae Johnson
2023-24,LSU,SEC,SO,G,36,34,32.4,5.6,11.1,0.504,1.0,2.6,0.38,4.6,8.5,0.541,0.548,2.8,3.6,0.769,2.1,3.5,5.5,2.5,2.1,1.0,2.0,2.4,14.9,,Flau'jae Johnson
2024-25,LSU,SEC,JR,G,34,34,31.6,6.9,14.8,0.468,1.4,3.8,0.383,5.5,11.1,0.497,0.517,3.3,4.0,0.81,2.0,3.6,5.6,2.5,1.7,0.9,2.7,2.6,18.6,AP-AA-3USBWA-AA-3,Flau'jae Johnson
2025-26,LSU,SEC,SR,G,35,35,25.2,5.4,11.7,0.465,1.4,3.5,0.393,4.1,8.2,0.495,0.523,2.0,2.9,0.693,1.4,2.9,4.2,2.5,1.3,0.7,1.7,1.9,14.2,AP-AA-3USBWA-AA-3W-AA,Flau'jae Johnson
Career,Career,Career,Career,,141,139,29.2,5.5,11.7,0.467,1.2,3.2,0.373,4.3,8.5,0.502,0.517,2.5,3.4,0.748,1.9,3.5,5.3,2.3,1.6,0.9,2.2,2.3,14.6,,Flau'jae Johnson
2022-23,UCLA,Pac-12,FR,F,37,2,17.4,2.4,5.4,0.455,0.5,1.4,0.34,1.9,3.9,0.497,0.5,1.0,1.5,0.632,1.3,2.2,3.5,0.6,0.9,0.1,0.9,1.8,6.3,,Gabriela Jaquez
2023-24,UCLA,Pac-12,SO,F,34,6,25.2,3.8,7.9,0.478,0.6,2.4,0.259,3.2,5.6,0.571,0.517,1.8,2.6,0.713,2.0,3.6,5.6,1.6,0.6,0.1,1.4,2.2,10.0,,Gabriela Jaquez
2024-25,UCLA,Big Ten,JR,F,36,33,26.7,3.8,7.3,0.523,0.9,2.5,0.348,3.0,4.9,0.611,0.581,1.1,1.3,0.826,2.1,3.2,5.3,2.2,0.6,0.1,0.9,1.9,9.6,,Gabriela Jaquez
2025-26,UCLA,Big Ten,SR,F,38,38,30.4,4.9,9.1,0.539,1.3,3.2,0.39,3.6,5.8,0.622,0.609,2.4,2.8,0.86,1.8,3.7,5.5,2.1,1.1,0.1,1.8,1.9,13.5,,Gabriela Jaquez
Career,Career,Career,Career,,145,79,25.0,3.7,7.4,0.504,0.8,2.4,0.341,2.9,5.0,0.581,0.559,1.6,2.0,0.768,1.8,3.2,5.0,1.6,0.8,0.1,1.3,1.9,9.9,,Gabriela Jaquez
2022-23,UCLA,Pac-12,FR,G,37,36,28.1,4.0,9.7,0.411,0.4,1.6,0.217,3.6,8.1,0.45,0.429,3.3,4.1,0.791,1.5,3.0,4.5,3.0,1.2,0.5,1.6,2.3,11.6,,Kiki Rice
2023-24,UCLA,Pac-12,SO,G,34,34,31.2,4.6,10.3,0.449,0.9,2.7,0.312,3.8,7.6,0.498,0.49,3.1,3.6,0.876,0.7,5.1,5.7,4.5,1.4,0.5,2.5,2.2,13.2,,Kiki Rice
2024-25,UCLA,Big Ten,JR,G,34,33,28.4,4.2,8.7,0.485,0.9,2.5,0.365,3.3,6.2,0.533,0.537,3.4,3.9,0.871,0.6,2.9,3.5,5.0,1.4,0.4,2.1,1.7,12.8,,Kiki Rice
2025-26,UCLA,Big Ten,SR,G,38,37,30.8,5.1,10.3,0.49,0.9,2.4,0.385,4.1,7.9,0.522,0.534,3.9,4.3,0.902,1.5,4.4,5.9,4.3,1.5,0.4,1.7,1.8,14.9,AP-AA-3USBWA-AA-3,Kiki Rice
Career,Career,Career,Career,,143,140,29.6,4.5,9.8,0.458,0.8,2.3,0.328,3.7,7.5,0.498,0.497,3.4,4.0,0.86,1.1,3.8,4.9,4.2,1.4,0.4,2.0,2.0,13.1,,Kiki Rice
2021-22,Utah,Pac-12,FR,G,33.0,25.0,23.7,4.2,9.3,0.446,1.7,4.4,0.384,2.5,4.9,0.503,0.537,1.8,2.1,0.871,0.9,3.4,4.4,1.2,0.7,0.4,1.1,1.9,11.8,,Gianna Kneepkens
2022-23,Utah,Pac-12,SO,G,32.0,32.0,28.3,5.0,10.0,0.498,2.2,5.3,0.423,2.8,4.8,0.582,0.609,3.1,3.7,0.831,0.7,4.5,5.2,2.1,0.9,0.5,1.6,2.4,15.3,,Gianna Kneepkens
2023-24,Utah,Pac-12,JR,G,8.0,8.0,25.1,6.3,9.9,0.633,3.4,6.3,0.54,2.9,3.6,0.793,0.804,1.9,2.4,0.789,0.9,4.6,5.5,3.9,2.0,0.3,2.3,1.6,17.8,,Gianna Kneepkens
2024-25,Utah,Big 12,SR,G,31.0,31.0,30.1,6.2,12.3,0.504,3.0,6.8,0.448,3.2,5.5,0.573,0.627,3.9,4.4,0.89,0.8,4.2,5.0,3.0,1.0,0.3,2.4,2.2,19.3,,Gianna Kneepkens
2025-26,UCLA,Big Ten,SR,G,38.0,37.0,28.2,4.7,9.6,0.493,2.3,5.3,0.429,2.4,4.2,0.575,0.613,1.1,1.2,0.933,0.7,2.4,3.1,2.9,1.1,0.2,1.2,1.8,12.8,,Gianna Kneepkens
Career,Career,Career,Career,,142.0,133.0,27.4,5.1,10.2,0.495,2.4,5.5,0.431,2.7,4.7,0.568,0.61,2.4,2.7,0.869,0.8,3.6,4.4,2.4,1.0,0.3,1.6,2.0,14.8,,Gianna Kneepkens
,,,,,,,,,,,,,,,,,,,,,,,,,,,,,,,Gianna Kneepkens
UCLA (1 Yr),UCLA (1 Yr),UCLA (1 Yr),UCLA (1 Yr),,38.0,37.0,28.2,4.7,9.6,0.493,2.3,5.3,0.429,2.4,4.2,0.575,0.613,1.1,1.2,0.933,0.7,2.4,3.1,2.9,1.1,0.2,1.2,1.8,12.8,,Gianna Kneepkens
Utah (4 Yrs),Utah (4 Yrs),Utah (4 Yrs),Utah (4 Yrs),,104.0,96.0,27.1,5.2,10.5,0.495,2.4,5.5,0.432,2.8,4.9,0.566,0.609,2.8,3.3,0.86,0.8,4.1,4.9,2.2,0.9,0.4,1.7,2.1,15.6,,Gianna Kneepkens
2022-23,Florida St.,ACC,FR,G,31.0,31.0,29.5,7.3,15.9,0.455,1.2,3.4,0.362,6.0,12.5,0.481,0.494,5.5,6.4,0.859,1.3,3.2,4.5,2.9,1.6,0.7,2.6,2.0,21.3,,Ta'Niya Latson
2023-24,Florida St.,ACC,SO,G,33.0,33.0,31.0,7.8,17.8,0.438,0.8,3.0,0.27,7.0,14.8,0.472,0.461,4.9,5.8,0.853,0.5,3.6,4.2,4.2,1.5,0.5,3.0,1.6,21.4,,Ta'Niya Latson
2024-25,Florida St.,ACC,JR,G,29.0,29.0,30.1,8.8,19.5,0.451,1.3,3.7,0.343,7.5,15.8,0.477,0.484,6.3,7.8,0.818,1.1,3.4,4.6,4.6,2.2,0.5,3.1,1.8,25.2,AP-AA-2USBWA-AA-2W-AA,Ta'Niya Latson
2025-26,South Carolina,SEC,SR,G,35.0,35.0,28.1,5.0,10.3,0.486,0.7,2.3,0.325,4.3,8.0,0.532,0.522,3.4,4.2,0.803,0.5,2.4,2.9,3.6,1.7,0.3,1.7,1.2,14.1,,Ta'Niya Latson
Career,Career,Career,Career,,128.0,128.0,29.6,7.1,15.7,0.455,1.0,3.1,0.326,6.1,12.6,0.486,0.487,5.0,5.9,0.834,0.9,3.1,4.0,3.8,1.7,0.5,2.6,1.6,20.2,,Ta'Niya Latson
,,,,,,,,,,,,,,,,,,,,,,,,,,,,,,,Ta'Niya Latson
Florida State (3 Yrs),Florida State (3 Yrs),Florida State (3 Yrs),Florida State (3 Yrs),,93.0,93.0,30.2,7.9,17.7,0.448,1.1,3.4,0.326,6.8,14.4,0.476,0.479,5.6,6.6,0.842,1.0,3.4,4.4,3.9,1.8,0.5,2.9,1.8,22.5,,Ta'Niya Latson
South Carolina (1 Yr),South Carolina (1 Yr),South Carolina (1 Yr),South Carolina (1 Yr),,35.0,35.0,28.1,5.0,10.3,0.486,0.7,2.3,0.325,4.3,8.0,0.532,0.522,3.4,4.2,0.803,0.5,2.4,2.9,3.6,1.7,0.3,1.7,1.2,14.1,,Ta'Niya Latson
2021-22,South Carolina,SEC,FR,G,2,0,4.0,0.0,0.5,0.0,0.0,0.0,,0.0,0.5,0.0,0.0,0.0,0.0,,0.0,0.5,0.5,0.0,0.0,0.0,0.5,0.0,0.0,,Raven Johnson
2022-23,South Carolina,SEC,FR,G,36,3,18.7,1.7,4.5,0.368,0.4,1.6,0.241,1.3,2.9,0.438,0.411,0.5,0.7,0.654,0.6,2.1,2.6,3.4,1.1,0.4,1.4,1.1,4.2,,Raven Johnson
2023-24,South Carolina,SEC,SO,G,37,35,27.9,3.2,7.3,0.443,0.8,2.2,0.35,2.5,5.2,0.482,0.494,0.8,1.3,0.612,1.0,4.2,5.2,4.8,2.1,0.2,1.6,1.2,8.1,,Raven Johnson
2024-25,South Carolina,SEC,JR,G,39,39,24.2,1.9,5.6,0.35,0.6,2.0,0.295,1.4,3.6,0.381,0.403,0.4,0.6,0.682,1.3,3.2,4.5,2.8,1.4,0.6,1.0,0.9,4.9,,Raven Johnson
2025-26,South Carolina,SEC,SR,G,40,40,28.7,3.9,8.0,0.486,1.0,2.6,0.398,2.9,5.5,0.528,0.55,1.0,1.3,0.82,0.8,3.2,4.0,5.1,1.5,0.6,1.6,1.6,9.9,AP-AA-3WBCA-AA,Raven Johnson
Career,Career,Career,Career,,154,117,24.7,2.7,6.3,0.423,0.7,2.1,0.332,2.0,4.2,0.468,0.478,0.7,1.0,0.701,0.9,3.1,4.0,4.0,1.5,0.4,1.4,1.2,6.7,,Raven Johnson
2020-21,Tennessee,SEC,FR,G-F,22,14,16.0,1.7,4.1,.407,0.4,1.2,.296,1.3,2.9,.453,.451,0.4,0.5,.750,1.2,2.5,3.6,0.8,0.4,0.0,1.8,1.4,4.1,,Marta Suarez
2021-22,Did not play - injury/redshirt,Did not play - injury/redshirt,Did not play - injury/redshirt,Did not play - injury/redshirt,Did not play - injury/redshirt,Did not play - injury/redshirt,Did not play - injury/redshirt,Did not play - injury/redshirt,Did not play - injury/redshirt,Did not play - injury/redshirt,Did not play - injury/redshirt,Did not play - injury/redshirt,Did not play - injury/redshirt,Did not play - injury/redshirt,Did not play - injury/redshirt,Did not play - injury/redshirt,Did not play - injury/redshirt,Did not play - injury/redshirt,Did not play - injury/redshirt,Did not play - injury/redshirt,Did not play - injury/redshirt,Did not play - injury/redshirt,Did not play - injury/redshirt,Did not play - injury/redshirt,Did not play - injury/redshirt,Did not play - injury/redshirt,Did not play - injury/redshirt,Did not play - injury/redshirt,Did not play - injury/redshirt,Did not play - injury/redshirt,Marta Suarez
2022-23,Tennessee,SEC,SO,G-F,14,0,12.5,1.5,4.0,.375,0.2,1.1,.188,1.3,2.9,.450,.402,1.7,2.2,.774,1.5,1.5,3.0,0.4,0.2,0.1,1.6,1.4,4.9,,Marta Suarez
2023-24,Cal,Pac-12,JR,G-F,34,34,28.1,4.5,11.2,.402,1.2,4.2,.296,3.3,7.0,.464,.457,1.6,2.2,.743,1.8,5.0,6.9,1.6,0.8,0.5,3.5,3.1,11.9,,Marta Suarez
2024-25,Cal,ACC,SR,G-F,32,32,29.1,5.1,11.1,.458,1.3,4.0,.315,3.8,7.1,.537,.514,1.6,1.9,.820,1.6,5.6,7.2,2.4,0.8,0.4,4.2,2.9,12.9,,Marta Suarez
2025-26,TCU,Big 12,SR,G-F,38,38,31.4,6.4,14.2,.453,2.2,6.0,.370,4.2,8.3,.513,.530,1.9,2.2,.892,2.1,5.3,7.4,2.3,1.4,0.2,3.2,2.9,17.1,,Marta Suarez
Career,Career,Career,Career,,140,118,25.8,4.4,10.2,.434,1.3,3.9,.328,3.2,6.3,.499,.496,1.5,1.9,.812,1.7,4.5,6.2,1.7,0.8,0.3,3.1,2.6,11.6,,Marta Suarez
,,,,,,,,,,,,,,,,,,,,,,,,,,,,,,,Marta Suarez
California (2 Yrs),California (2 Yrs),California (2 Yrs),California (2 Yrs),,66,66,28.6,4.8,11.1,.429,1.2,4.1,.305,3.5,7.1,.500,.484,1.6,2.0,.778,1.7,5.3,7.0,2.0,0.8,0.5,3.8,3.0,12.4,,Marta Suarez
TCU (1 Yr),TCU (1 Yr),TCU (1 Yr),TCU (1 Yr),,38,38,31.4,6.4,14.2,.453,2.2,6.0,.370,4.2,8.3,.513,.530,1.9,2.2,.892,2.1,5.3,7.4,2.3,1.4,0.2,3.2,2.9,17.1,,Marta Suarez
Tennessee (2 Yrs),Tennessee (2 Yrs),Tennessee (2 Yrs),Tennessee (2 Yrs),,36,14,14.7,1.6,4.1,.395,0.3,1.2,.256,1.3,2.9,.452,.432,0.9,1.2,.767,1.3,2.1,3.4,0.7,0.3,0.1,1.7,1.4,4.4,,Marta Suarez
2022-23,Texas A&M,SEC,FR,F,19.0,7.0,22.7,4.6,10.2,0.456,0.6,1.4,0.407,4.1,8.7,0.464,0.484,2.8,4.9,0.581,1.9,3.9,5.9,0.5,1.1,1.0,2.5,2.7,12.7,,Janiah Barker
2023-24,Texas A&M,SEC,SO,F,30.0,27.0,26.5,4.9,10.3,0.479,0.8,2.2,0.343,4.2,8.1,0.517,0.516,1.5,2.4,0.63,2.5,5.1,7.6,1.4,1.3,0.7,2.7,2.6,12.2,,Janiah Barker
2024-25,UCLA,Big Ten,JR,F,36.0,3.0,17.5,2.8,5.9,0.465,0.2,0.9,0.182,2.6,5.0,0.517,0.479,1.7,2.6,0.653,1.8,4.2,6.0,1.4,0.6,0.5,2.3,2.3,7.4,,Janiah Barker
2025-26,Tennessee,SEC,SR,F,27.0,21.0,23.9,4.9,10.6,0.465,1.4,3.9,0.365,3.5,6.7,0.522,0.531,3.0,4.1,0.73,2.1,4.6,6.6,1.2,1.1,0.9,2.6,2.5,14.3,,Janiah Barker
Career,Career,Career,Career,,112.0,58.0,22.3,4.2,8.9,0.468,0.7,2.1,0.338,3.5,6.9,0.506,0.506,2.2,3.3,0.653,2.1,4.5,6.5,1.2,1.0,0.7,2.5,2.5,11.2,,Janiah Barker
,,,,,,,,,,,,,,,,,,,,,,,,,,,,,,,Janiah Barker
Tennessee (1 Yr),Tennessee (1 Yr),Tennessee (1 Yr),Tennessee (1 Yr),,27.0,21.0,23.9,4.9,10.6,0.465,1.4,3.9,0.365,3.5,6.7,0.522,0.531,3.0,4.1,0.73,2.1,4.6,6.6,1.2,1.1,0.9,2.6,2.5,14.3,,Janiah Barker
Texas A&M (2 Yrs),Texas A&M (2 Yrs),Texas A&M (2 Yrs),Texas A&M (2 Yrs),,49.0,34.0,25.0,4.8,10.2,0.47,0.7,1.9,0.362,4.1,8.3,0.495,0.504,2.0,3.4,0.602,2.3,4.7,6.9,1.0,1.2,0.8,2.6,2.6,12.4,,Janiah Barker
UCLA (1 Yr),UCLA (1 Yr),UCLA (1 Yr),UCLA (1 Yr),,36.0,3.0,17.5,2.8,5.9,0.465,0.2,0.9,0.182,2.6,5.0,0.517,0.479,1.7,2.6,0.653,1.8,4.2,6.0,1.4,0.6,0.5,2.3,2.3,7.4,,Janiah Barker
2022-23,Wisconsin,Big Ten,FR,F,31.0,30.0,24.8,5.1,9.3,0.543,0.0,0.1,0.0,5.1,9.2,0.549,0.543,2.6,3.9,0.669,1.9,3.5,5.4,0.7,0.7,1.9,2.9,2.6,12.7,,Serah Williams
2023-24,Wisconsin,Big Ten,SO,F,30.0,29.0,30.0,6.4,12.3,0.519,0.3,0.8,0.333,6.1,11.5,0.532,0.53,4.4,5.5,0.795,3.1,7.6,10.7,0.9,0.8,2.8,3.6,2.6,17.4,,Serah Williams
2024-25,Wisconsin,Big Ten,JR,F,30.0,30.0,32.0,7.5,15.1,0.493,0.0,0.4,0.083,7.4,14.7,0.505,0.494,4.3,5.5,0.78,2.5,7.3,9.8,2.4,1.1,2.3,3.3,2.5,19.2,,Serah Williams
2025-26,UConn,Big East,SR,F,38.0,38.0,17.4,2.8,4.8,0.588,0.0,0.0,,2.8,4.8,0.588,0.588,1.1,1.5,0.69,1.8,2.7,4.4,1.5,0.7,1.3,1.6,1.9,6.7,,Serah Williams
Career,Career,Career,Career,,129.0,127.0,25.5,5.3,10.0,0.525,0.1,0.3,0.231,5.2,9.7,0.534,0.529,3.0,3.9,0.749,2.3,5.1,7.4,1.4,0.8,2.0,2.8,2.4,13.6,,Serah Williams
,,,,,,,,,,,,,,,,,,,,,,,,,,,,,,,Serah Williams
Connecticut (1 Yr),Connecticut (1 Yr),Connecticut (1 Yr),Connecticut (1 Yr),,38.0,38.0,17.4,2.8,4.8,0.588,0.0,0.0,,2.8,4.8,0.588,0.588,1.1,1.5,0.69,1.8,2.7,4.4,1.5,0.7,1.3,1.6,1.9,6.7,,Serah Williams
Wisconsin (3 Yrs),Wisconsin (3 Yrs),Wisconsin (3 Yrs),Wisconsin (3 Yrs),,91.0,89.0,28.9,6.3,12.2,0.515,0.1,0.4,0.231,6.2,11.8,0.525,0.519,3.7,5.0,0.756,2.5,6.1,8.6,1.3,0.8,2.3,3.3,2.6,16.4,,Serah Williams
2022-23,Ga Tech,ACC,FR,G,30.0,29.0,28.4,3.4,8.4,0.409,0.3,1.4,0.19,3.2,7.0,0.452,0.425,2.6,3.8,0.687,1.3,4.3,5.6,3.8,0.9,0.1,3.3,2.2,9.8,,Tonie Morgan
2023-24,Ga Tech,ACC,SO,G,33.0,33.0,32.0,5.7,12.4,0.457,0.5,1.8,0.254,5.2,10.6,0.491,0.476,3.8,5.7,0.679,1.5,5.3,6.8,5.2,1.7,0.3,3.8,2.2,15.6,,Tonie Morgan
2024-25,Ga Tech,ACC,JR,G,33.0,33.0,29.2,5.5,11.2,0.489,0.5,1.8,0.246,5.0,9.3,0.537,0.51,2.3,3.2,0.72,1.1,3.4,4.5,5.6,1.0,0.4,2.3,1.8,13.7,,Tonie Morgan
2025-26,Kentucky,SEC,SR,G,36.0,36.0,34.5,4.9,10.5,0.467,0.6,1.7,0.344,4.3,8.8,0.491,0.495,3.4,4.6,0.731,0.6,2.5,3.1,7.9,0.9,0.6,3.7,2.0,13.8,,Tonie Morgan
Career,Career,Career,Career,,132.0,131.0,31.2,4.9,10.7,0.459,0.4,1.7,0.265,4.4,9.0,0.496,0.48,3.1,4.4,0.703,1.1,3.8,5.0,5.7,1.1,0.4,3.3,2.0,13.3,,Tonie Morgan
,,,,,,,,,,,,,,,,,,,,,,,,,,,,,,,Tonie Morgan
Georgia Tech (3 Yrs),Georgia Tech (3 Yrs),Georgia Tech (3 Yrs),Georgia Tech (3 Yrs),,96.0,95.0,29.9,4.9,10.7,0.457,0.4,1.7,0.235,4.5,9.0,0.498,0.475,2.9,4.3,0.692,1.3,4.3,5.7,4.9,1.2,0.3,3.1,2.1,13.1,,Tonie Morgan
Kentucky (1 Yr),Kentucky (1 Yr),Kentucky (1 Yr),Kentucky (1 Yr),,36.0,36.0,34.5,4.9,10.5,0.467,0.6,1.7,0.344,4.3,8.8,0.491,0.495,3.4,4.6,0.731,0.6,2.5,3.1,7.9,0.9,0.6,3.7,2.0,13.8,,Tonie Morgan
2022-23,Baylor,Big 12,FR,G-F,33,21,25.4,4.5,8.6,0.519,0.0,0.1,0.0,4.5,8.6,0.523,0.519,1.7,2.5,0.655,3.0,6.2,9.2,0.8,1.0,0.8,1.8,2.2,10.6,,Darianna Littlepage-Buggs
2023-24,Baylor,Big 12,SO,G-F,33,32,27.5,4.5,8.6,0.525,0.0,0.2,0.0,4.5,8.4,0.536,0.525,1.5,2.0,0.769,2.5,4.7,7.2,1.5,0.7,0.3,2.1,1.8,10.5,,Darianna Littlepage-Buggs
2024-25,Baylor,Big 12,JR,G-F,28,26,28.8,5.4,10.1,0.53,0.3,1.1,0.267,5.1,9.0,0.561,0.544,2.8,3.8,0.726,3.5,6.6,10.0,2.2,1.0,1.0,1.9,1.9,13.8,,Darianna Littlepage-Buggs
2025-26,Baylor,Big 12,SR,G-F,34,34,29.1,4.5,8.7,0.519,0.3,0.9,0.3,4.2,7.8,0.543,0.534,1.4,2.3,0.61,3.1,7.1,10.1,1.9,1.1,0.7,2.5,2.3,10.6,,Darianna Littlepage-Buggs
Career,Career,Career,Career,,128,113,27.7,4.7,9.0,0.523,0.1,0.5,0.25,4.6,8.4,0.54,0.531,1.8,2.6,0.69,3.0,6.1,9.1,1.6,0.9,0.7,2.1,2.0,11.3,,Darianna Littlepage-Buggs
