player,avg_G,avg_MP,avg_FG%,avg_3P%,avg_FT%,avg_ORB,avg_DRB,avg_TRB,avg_AST,avg_STL,avg_BLK,avg_TOV,avg_PTS,avg_eFG%,seasons_played,final_season_pts
AD Durr,35.7,30.67,0.4365,0.3788,0.8207,0.63,2.7600000000000002,3.39,2.51,1.27,0.3400000000000001,1.77,19.03,0.5306000000000001,4.0,21.2
Aaliyah Edwards,36.0,29.03,0.587,0.38,0.7423,2.41,5.52,7.97,1.93,1.36,0.93,2.52,14.670000000000002,0.5883,4.0,17.6
Aaliyah Nye,30.866666666666667,29.673333333333332,0.43466666666666665,0.4256666666666667,0.721,0.38,2.14,2.52,1.18,1.2666666666666666,0.32,1.3066666666666666,12.879999999999999,0.5754666666666667,5.0,15.2
Aaliyah Wilson,24.6,27.39,0.3971,0.3537,0.6377,1.1400000000000001,3.4800000000000004,4.58,2.12,1.4100000000000001,0.79,2.0100000000000002,10.27,0.4369,4.0,12.7
Aari McDonald,29.7,32.519999999999996,0.4379,0.3106,0.7601000000000001,1.07,4.300000000000001,5.41,3.7399999999999998,2.39,0.07,3.3000000000000003,20.22,0.49330000000000007,4.0,20.6
Abby Meyers,30.4,25.64,0.43400000000000005,0.363,0.7364,1.46,3.16,4.62,1.7,1.37,0.45,1.4400000000000002,13.29,0.5101,4.0,14.3
Alanna Smith,35.9,25.28,0.4844,0.3461000000000001,0.655,2.04,4.8100000000000005,6.859999999999999,1.34,0.9800000000000001,1.8100000000000003,2.1,14.17,0.5417000000000001,4.0,19.4
Alissa Pili,27.199999999999996,25.46,0.4962666666666667,0.3486666666666667,0.8117333333333333,1.64,4.006666666666667,5.633333333333333,1.7933333333333332,0.94,0.6399999999999999,1.9066666666666667,16.766666666666666,0.5380666666666667,5.0,21.4
Aliyah Boston,35.400000000000006,27.49,0.544,0.1993,0.7591000000000001,3.76,7.18,10.91,1.78,0.9299999999999999,2.3,1.3599999999999999,14.23,0.5542,4.0,13.0
Aneesah Morrow,35.4,33.27,0.4721,0.25479999999999997,0.7336,4.34,7.85,12.22,1.6800000000000002,2.54,1.01,2.2199999999999998,19.73,0.4879,4.0,18.7
Angel Reese,31.9,29.32,0.49260000000000004,0.1476,0.7065,5.45,7.21,12.7,2.02,1.7000000000000002,1.23,2.27,18.900000000000002,0.4942,4.0,18.6
Arike Ogunbowale,37.900000000000006,31.180000000000003,0.4444,0.3881,0.7786000000000001,1.0,3.8600000000000003,4.88,2.86,1.48,0.12000000000000002,1.72,19.28,0.4961,4.0,21.8
Aziaha James,34.3,26.69,0.4268,0.3227,0.6996,0.77,3.2699999999999996,4.08,2.43,1.04,0.25,1.77,13.98,0.49150000000000005,4.0,17.9
Bella Alarie,25.1,30.750000000000004,0.4851,0.33440000000000003,0.7708,2.77,6.530000000000001,9.299999999999999,2.61,1.21,2.45,1.7600000000000002,17.759999999999998,0.5157,4.0,17.5
Brianna Turner,35.5,27.73,0.6219000000000001,0.0,0.6473,2.64,4.9,7.5,1.2200000000000002,0.9500000000000001,2.7199999999999998,1.6600000000000001,14.650000000000002,0.6219000000000001,4.0,14.4
Caitlin Clark,36.400000000000006,34.8,0.4615,0.3749,0.8577000000000001,0.42000000000000004,6.82,7.280000000000001,8.45,1.56,0.52,4.58,29.04,0.5607,4.0,31.6
Cameron Brink,34.0,23.85,0.5195000000000001,0.29319999999999996,0.7765,2.6399999999999997,7.28,9.920000000000002,1.99,0.7000000000000001,3.33,2.13,15.18,0.5394,4.0,17.4
Celeste Taylor,29.799999999999997,29.1,0.3887333333333333,0.3174,0.6580666666666666,1.2333333333333332,3.4733333333333327,4.72,2.586666666666667,2.1533333333333333,0.6866666666666666,2.466666666666667,10.866666666666667,0.44733333333333336,5.0,10.1
Charli Collier,30.666666666666664,28.583333333333332,0.4691666666666666,0.3235,0.7908333333333333,3.6,6.266666666666667,9.866666666666667,0.4,0.6166666666666667,1.1333333333333333,2.3333333333333335,14.85,0.49466666666666664,3.0,19.0
Chelsea Dungee,31.1,31.340000000000003,0.4002,0.3569,0.7953000000000001,0.6299999999999999,3.41,4.109999999999999,1.4800000000000002,1.37,0.34,2.19,18.83,0.46110000000000007,4.0,22.3
Chennedy Carter,27.166666666666664,32.483333333333334,0.4341666666666667,0.30766666666666664,0.7353333333333334,0.7333333333333333,3.683333333333333,4.35,3.7,1.6333333333333333,0.18333333333333335,3.1166666666666663,22.200000000000003,0.471,3.0,21.3
Chloe Jackson,30.700000000000003,31.63,0.4182,0.22250000000000003,0.6880000000000001,1.03,3.14,4.16,3.2600000000000002,1.6800000000000002,0.34,2.0200000000000005,12.86,0.43220000000000003,4.0,11.7
Christyn Williams,32.1,34.17,0.4666,0.34140000000000004,0.7038,1.23,2.71,3.95,2.27,1.25,0.37000000000000005,1.7000000000000002,14.66,0.5279,4.0,14.2
Dana Evans,32.1,30.570000000000004,0.41700000000000004,0.3705,0.8643000000000001,0.30000000000000004,2.23,2.6,3.9600000000000004,1.19,0.05000000000000001,2.13,16.03,0.4954,4.0,20.1
Destiny Slocum,30.6,30.159999999999997,0.45930000000000004,0.3802,0.7325999999999999,0.54,2.6499999999999995,3.17,4.470000000000001,0.78,0.030000000000000006,2.25,14.7,0.5422,4.0,15.0
Diamond Miller,29.200000000000003,27.48,0.45489999999999997,0.2853,0.7870000000000001,1.35,3.93,5.24,2.76,1.6300000000000001,1.05,2.8600000000000003,16.04,0.4942,4.0,19.7
Emily Engstler,29.300000000000004,26.78,0.4254,0.3521,0.6117999999999999,2.23,6.540000000000001,8.78,2.19,1.9300000000000002,1.6400000000000001,2.43,10.2,0.4806,4.0,11.9
Grace Berger,28.46666666666667,33.13333333333333,0.4584666666666667,0.32453333333333334,0.7485333333333333,0.5666666666666667,4.886666666666667,5.493333333333333,4.68,1.16,0.22666666666666668,2.3666666666666667,13.813333333333333,0.47473333333333334,5.0,12.9
Hailey Van Lith,35.4,33.620000000000005,0.41986666666666667,0.3352,0.8363333333333333,0.7733333333333334,3.1466666666666665,3.9,3.833333333333333,1.2866666666666666,0.3933333333333333,2.826666666666667,15.666666666666664,0.47986666666666666,5.0,17.9
Haley Jones,32.1,30.400000000000002,0.4602,0.2087,0.7425999999999999,1.6600000000000001,6.199999999999999,7.870000000000001,3.5300000000000002,0.75,0.9200000000000002,2.74,13.14,0.469,4.0,13.5
Jackie Young,37.166666666666664,31.133333333333333,0.5145,0.38316666666666666,0.7893333333333334,2.5833333333333335,4.083333333333333,6.666666666666666,4.016666666666667,1.25,0.41666666666666663,1.9999999999999998,13.399999999999999,0.5321666666666667,3.0,14.7
Jacy Sheldon,25.4,31.713333333333335,0.48133333333333334,0.32966666666666666,0.8558666666666666,0.8933333333333333,2.5533333333333332,3.4466666666666663,3.4866666666666664,2.2800000000000002,0.22666666666666668,2.44,16.259999999999998,0.5379333333333334,5.0,17.8
Jasmine Walker,26.733333333333334,29.553333333333335,0.4162666666666667,0.3566,0.7227333333333333,1.9266666666666667,5.279999999999999,7.18,1.12,0.7933333333333333,0.48,2.0933333333333333,13.086666666666668,0.49546666666666667,5.0,19.1
Jazmine Jones,35.099999999999994,25.66,0.5232,0.2763,0.7107,1.4500000000000002,3.12,4.56,2.67,1.3000000000000003,0.32,1.92,10.15,0.5388000000000001,4.0,14.1
Jocelyn Willoughby,31.2,33.3,0.4157,0.3955,0.8477,2.02,5.220000000000001,7.24,1.65,1.31,0.5,2.94,15.02,0.4621,4.0,19.2
Jordan Horston,29.0,27.639999999999997,0.3983,0.28,0.7041,1.57,5.38,6.99,3.8200000000000003,1.4700000000000002,1.0,3.52,13.83,0.42310000000000003,4.0,15.6
Kalani Brown,36.5,25.32,0.6367,0.0,0.7434000000000001,2.83,5.59,8.409999999999998,1.4700000000000002,0.37,1.63,1.87,16.36,0.6367,4.0,15.8
Kamilla Cardoso,32.800000000000004,20.77,0.5735,0.4,0.6754,3.3100000000000005,4.94,8.25,1.34,0.48,2.12,1.35,11.14,0.5739000000000001,4.0,14.4
Kathleen Doyle,30.1,33.61,0.4099,0.31510000000000005,0.7461,0.66,3.08,3.7399999999999998,6.050000000000001,1.92,0.42,3.3,13.98,0.46029999999999993,4.0,18.1
Katie Lou Samuelson,34.300000000000004,30.96,0.4867,0.4163,0.8526,1.1400000000000001,3.8200000000000003,4.99,3.56,1.24,0.38,1.6,17.759999999999998,0.6000000000000001,4.0,18.5
Khayla Pointer,28.333333333333336,34.086666666666666,0.40726666666666667,0.3316,0.6548666666666667,0.9133333333333333,3.7133333333333334,4.653333333333333,4.573333333333333,1.9733333333333332,0.14,3.2066666666666666,15.959999999999999,0.4452666666666667,5.0,19.6
Kiara Leslie,32.1,31.800000000000004,0.5441,0.3517,0.6489,3.9600000000000004,7.98,11.91,0.91,0.9500000000000001,1.61,3.0500000000000003,20.259999999999998,0.5495,4.0,22.5
Kierstan Bell,25.666666666666664,27.916666666666664,0.47683333333333333,0.3153333333333333,0.7131666666666666,1.1333333333333333,6.766666666666666,7.916666666666666,2.416666666666667,1.8833333333333333,1.8166666666666667,2.15,21.316666666666666,0.5548333333333333,3.0,22.8
Kiki Iriafen,35.1,23.53,0.5231,0.2143,0.7429,3.29,4.35,7.64,1.55,0.6000000000000001,0.51,1.95,14.780000000000001,0.5253,4.0,18.0
Kristine Anigwe,32.1,31.800000000000004,0.5441,0.3517,0.6489,3.9600000000000004,7.98,11.91,0.91,0.9500000000000001,1.61,3.0500000000000003,20.259999999999998,0.5495,4.0,22.5
Kylee Shook,34.6,20.61,0.47730000000000006,0.3812,0.7229,1.6,4.459999999999999,6.09,0.76,0.68,1.8900000000000001,0.8500000000000001,7.67,0.5307,4.0,10.1
Kysre Gondrezick,23.300000000000004,33.84,0.39749999999999996,0.33940000000000003,0.7372000000000001,0.7800000000000001,2.4699999999999998,3.2800000000000002,3.84,1.67,0.04000000000000001,2.5700000000000003,16.520000000000003,0.4691000000000001,4.0,19.5
Laeticia Amihere,32.8,16.27,0.44689999999999996,0.23230000000000003,0.6378,1.55,2.41,3.9300000000000006,1.12,0.7000000000000001,1.03,1.8000000000000003,6.56,0.4568,4.0,7.1
Lauren Cox,30.7,28.270000000000003,0.4891000000000001,0.3538,0.6945,2.5300000000000002,5.62,8.2,3.25,1.02,2.54,1.54,12.72,0.5016,4.0,12.5
Leaonna Odom,30.200000000000003,31.65,0.5306,0.15000000000000002,0.608,2.16,4.0,6.12,1.8000000000000003,1.57,0.8400000000000001,2.41,12.38,0.5322,4.0,14.3
Leigha Brown,26.0,29.113333333333333,0.4802666666666667,0.3138666666666666,0.7775333333333334,0.8400000000000001,3.2066666666666666,4.08,3.84,1.2066666666666668,0.34,2.7533333333333334,15.766666666666666,0.5184666666666666,5.0,17.5
Lexie Hull,32.9,28.21,0.3985,0.375,0.7841,1.8,3.45,5.24,1.82,1.7600000000000002,0.32,1.76,11.76,0.4748,4.0,12.5
Lou Lopez Sénéchal,29.266666666666666,32.85333333333333,0.4482666666666666,0.41126666666666667,0.8352666666666666,0.7266666666666667,3.32,4.013333333333334,1.48,0.8266666666666665,0.44666666666666666,2.0933333333333333,16.6,0.5204666666666666,5.0,15.5
Maddy Siegrist,30.8,35.400000000000006,0.4932,0.35350000000000004,0.8204,2.8899999999999997,6.41,9.29,1.7000000000000002,1.29,1.11,1.8000000000000003,25.71,0.5376000000000001,4.0,29.2
Madison Scott,32.2,29.086666666666666,0.48873333333333335,0.13753333333333334,0.6993333333333334,2.06,4.34,6.4,2.8133333333333335,1.0,0.8266666666666667,2.0333333333333337,11.586666666666668,0.4918,5.0,11.8
Marquesha Davis,26.133333333333333,19.68,0.43979999999999997,0.2354,0.6796,1.1199999999999999,2.66,3.746666666666667,0.8066666666666666,1.0533333333333332,0.3466666666666667,1.2333333333333334,9.426666666666666,0.4580666666666666,5.0,14.0
Megan Walker,33.33333333333333,29.966666666666665,0.4651666666666667,0.41966666666666663,0.7836666666666666,1.5166666666666666,5.5166666666666675,6.983333333333333,2.2333333333333334,1.1333333333333333,0.3833333333333333,2.1,14.85,0.534,3.0,19.7
Michaela Onyenwere,28.700000000000003,29.700000000000003,0.4502,0.29480000000000006,0.8065,2.96,4.64,7.600000000000001,1.52,1.2200000000000002,0.5900000000000001,2.05,17.66,0.4719,4.0,19.1
Mikiah Herbert Harrigan,33.400000000000006,22.28,0.4858,0.3623,0.8037000000000001,1.2800000000000002,3.51,4.84,0.8799999999999999,0.5800000000000001,1.75,1.31,10.27,0.505,4.0,13.1
NaLyssa Smith,32.7,28.61,0.5598000000000001,0.17009999999999997,0.7729,2.99,6.390000000000001,9.38,0.9600000000000001,0.8600000000000001,0.8400000000000001,2.25,17.94,0.5644,4.0,22.1
Napheesa Collier,37.5,29.72,0.6086,0.31799999999999995,0.7699,2.7100000000000004,6.2,8.88,2.92,1.55,1.73,1.6099999999999999,17.91,0.627,4.0,20.8
Naz Hillmon,28.799999999999997,32.53,0.5922999999999999,0.0,0.7130000000000001,4.46,5.24,9.7,1.82,0.9199999999999999,0.43,2.9800000000000004,20.36,0.5922999999999999,4.0,21.0
Nia Clouden,28.5,33.5,0.4304,0.34720000000000006,0.8273,0.68,3.4200000000000004,4.1,3.9,1.42,0.28,2.4699999999999998,17.71,0.48440000000000005,4.0,20.0
Nika Mühl,35.3,30.6,0.4327,0.36640000000000006,0.5642,0.6799999999999999,2.93,3.61,5.76,1.39,0.17000000000000004,2.58,6.140000000000001,0.5383,4.0,6.9
Nyara Sabally,19.833333333333332,21.46666666666667,0.44583333333333336,0.3723333333333333,0.5678333333333333,2.0,4.333333333333333,6.333333333333333,1.5499999999999998,1.0333333333333332,1.0999999999999999,2.1166666666666667,12.0,0.4553333333333333,3.0,15.4
Paige Bueckers,33.2,31.139999999999997,0.5338,0.4094,0.8355,0.6500000000000001,3.95,4.61,4.34,2.0300000000000002,0.9,1.56,19.45,0.5981,4.0,19.9
Queen Egbo,32.5,21.519999999999996,0.5153000000000001,0.0,0.6207,2.67,5.049999999999999,7.72,0.74,0.96,1.6,1.95,10.43,0.5153000000000001,4.0,11.0
Rae Burrell,25.7,25.98,0.3967,0.3381,0.7419,1.29,3.0300000000000002,4.32,1.5,0.7,0.37,2.21,12.420000000000002,0.4435,4.0,12.3
Rennia Davis,28.1,31.830000000000002,0.4726,0.29969999999999997,0.827,2.4,5.890000000000001,8.280000000000001,2.12,1.0,0.36,2.34,16.52,0.5093000000000001,4.0,17.3
Rhyne Howard,28.200000000000003,33.85,0.44079999999999997,0.3802,0.7827000000000001,2.26,4.79,7.110000000000001,3.17,2.34,1.05,2.0300000000000002,20.73,0.5162,4.0,20.5
Rickea Jackson,25.4,31.24666666666667,0.478,0.3122666666666667,0.7384,2.3,4.313333333333333,6.6466666666666665,1.7066666666666666,0.7733333333333333,0.5933333333333334,2.5733333333333333,18.906666666666666,0.5024,5.0,20.2
Ruthy Hebard,35.400000000000006,28.85,0.6658000000000001,0.0,0.6882999999999999,3.0999999999999996,6.12,9.22,1.1,1.1600000000000001,1.0500000000000003,1.5300000000000002,16.76,0.6658000000000001,4.0,17.3
Sabrina Ionescu,35.5,34.690000000000005,0.4727,0.4151,0.8768,1.73,5.93,7.66,8.21,1.4600000000000002,0.29,2.8400000000000003,18.37,0.552,4.0,17.5
Saniya Rivers,33.4,31.1,0.39449999999999996,0.233,0.6651,0.6699999999999999,4.970000000000001,5.67,3.35,1.6800000000000002,1.04,2.0999999999999996,10.46,0.4229,4.0,11.9
Sarah Ashlee Barker,30.066666666666666,27.73333333333333,0.4487333333333333,0.3372,0.6916666666666667,1.5866666666666664,3.92,5.453333333333333,2.933333333333333,1.6999999999999997,0.5866666666666667,2.7666666666666666,13.293333333333333,0.49820000000000003,5.0,18.2
Satou Sabally,33.5,28.549999999999997,0.4771666666666667,0.3676666666666667,0.7718333333333334,1.9833333333333334,4.216666666666667,6.15,2.1166666666666663,1.1333333333333333,0.6166666666666667,2.0666666666666664,15.416666666666666,0.5548333333333333,3.0,16.2
Shakira Austin,30.7,26.86,0.48590000000000005,0.14679999999999999,0.6766000000000001,2.29,6.35,8.64,1.52,1.4300000000000002,1.9000000000000001,2.73,14.9,0.48940000000000006,4.0,15.2
Sonia Citron,30.5,34.09,0.4717,0.37060000000000004,0.8667,1.29,4.279999999999999,5.57,2.6100000000000003,1.8,0.7,2.15,14.950000000000001,0.5391,4.0,14.1
Sophie Cunningham,32.7,33.08,0.5016,0.4097,0.8391000000000001,1.07,4.3,5.41,3.0,1.05,0.29,3.04,17.57,0.5933,4.0,17.8
Stephanie Soares,13.0,22.6,0.544,0.306,0.667,2.9,7.0,9.9,1.4,1.1,3.0,2.8,14.4,0.585,1.0,14.4
Stephanie Watts,19.733333333333334,29.41333333333333,0.3926666666666666,0.32333333333333336,0.7926666666666666,1.28,4.753333333333333,6.033333333333334,2.513333333333333,1.5733333333333333,1.2,2.2933333333333334,13.006666666666668,0.48433333333333334,5.0,12.0
Taylor Mikesell,31.866666666666667,32.28,0.43479999999999996,0.41533333333333333,0.8905333333333334,0.2733333333333333,2.666666666666667,2.913333333333333,2.1866666666666665,1.0466666666666666,0.24,1.8133333333333332,14.94,0.5532,5.0,17.2
Teaira McCowan,37.4,26.42,0.6084,0.0,0.682,4.94,6.62,11.55,0.6400000000000001,0.81,2.02,1.56,15.219999999999999,0.6084,4.0,18.4
Tyasha Harris,34.0,30.28,0.4163,0.3388,0.8152999999999999,0.35000000000000003,2.9400000000000004,3.33,5.41,1.6900000000000002,0.19000000000000003,2.0300000000000002,10.71,0.4748,4.0,12.0
Veronica Burton,28.200000000000003,34.64,0.41080000000000005,0.3247,0.8158000000000001,1.27,3.8600000000000003,5.130000000000001,5.41,3.66,0.6400000000000001,1.9200000000000002,15.16,0.4786,4.0,17.8
Zia Cooke,35.099999999999994,27.880000000000003,0.38120000000000004,0.3385,0.7539,0.59,1.7599999999999998,2.3600000000000003,1.85,0.79,0.09000000000000001,2.0300000000000002,13.75,0.44,4.0,15.4
